,,,,,,,,,
,เก็บ log ไม่เกิน 1 เดือน,,,,,,,,
,,,,,,,,,
No.,Category,Alarm Name (EN),Alarm Name (TH),Data,Corrective Action,Remark,,,
1,Safety & Compliance,Emergency Stop Activated,ปุ่มหยุดฉุกเฉินถูกกด,"io check  : timestamp , csv",ใส่วิธีแก้ปัญหา ,LED - RED,,,
2,Safety & Compliance,Safety Scanner Triggered,เซฟตี้สแกนเนอร์ทำงาน,เช็ตการทำงานของlidar ,ใส่วิธีแก้ปัญหา ,LED - RED  ,,,
3,Safety & Compliance,Safety Zone Violation,ละเมิดเขตความปลอดภัย,check wall zone robot pose,ใส่วิธีแก้ปัญหา ,LED - RED  ,,,
4,Safety & Compliance,Reduced Speed Zone Violation,ละเมิดโซนจำกัดความเร็ว,speed zone robot pose check,ใส่วิธีแก้ปัญหา ,LED - RED   ทำงานต่อ,,,
5,Localization & Mapping,Lost Localization,ไม่สามารถระบุตำแหน่งได้,amcl poseไม่ขึ้นให้เซฟ log,ใส่วิธีแก้ปัญหา ,LED - RED หยุด,,,
6,Localization & Mapping,Localization Accuracy Low,ความแม่นยำของตำแหน่งต่ำ,alarm ตอนยก dolly ไม่ได้ ,ใส่วิธีแก้ปัญหา ,LED - RED   มากกว่า  3 ครั้ง ทำงานต่อ มีเสียง,,,
7,Localization & Mapping,Map Mismatch,แผนที่ไม่ตรงกับหน้างาน,nodered swap map ,ใส่วิธีแก้ปัญหา ,LED - RED  ตัดมอเตอร์,,,
8,Localization & Mapping,Marker / QR / RFID Not Found,ไม่พบ Marker / QR / RFID, dock log,ใส่วิธีแก้ปัญหา ,LED - RED  สีแดงวิ่งต่อได้ 4  รอบตัดมอเตอร์ alarm เสียง,,,
9,Localization & Mapping,Re-localization Failed,ระบุตำแหน่งใหม่ไม่สำเร็จ,กด reset lift ไม่ทำงานต่อ,ใส่วิธีแก้ปัญหา ,LED - RED  สีแดงวิ่งต่อไม่ได้  alram เสียง,,,
10,Navigation & Path Control,Path Blocked,เส้นทางถูกกีดขวาง,movebase  check  รวมข้อเดียวกัน,ใส่วิธีแก้ปัญหา ,LED - RED  สีแดงวิ่งต่อได้้,,,
11,Motion & Drive System,Motor Overtemperature,มอเตอร์ร้อนเกิน, timestamp / error status code  ,ใส่วิธีแก้ปัญหา ,LED - RED  สีแดงวิ่งต่อไม่ได้,,,
12,Motion & Drive System,Drive Enable Fail,Drive Disable, timestamp / error status code  ,ใส่วิธีแก้ปัญหา ,LED - RED  สีแดงวิ่งต่อไม่ได้,,,
13,Motion & Drive System,Speed Feedback Error,ความเร็ว ผิดปกติ,node red ms velocity,ใส่วิธีแก้ปัญหา ,LED - RED  สีแดงวิ่งต่อได้,,,
14,Battery & Charging,Battery Low,แบตเตอรี่ต่ำ,timestap / data,ใส่วิธีแก้ปัญหา ,LED-Yellow ต่ำกว่า 30,,,
15,Battery & Charging,Battery Critical,แบตเตอรี่ต่ำระดับวิกฤต,timestap /data,ใส่วิธีแก้ปัญหา ,LED - RED alarm  เสียง จบ cycle   เข้าชาจแบตจะออกกี่เปอเซ็น (กี่  %  เริ่มโฟลเดิม)   ถ้าเริ่มโฟลใหม่  mb1  ว่างเสมอ,,,
16,Battery & Charging,Charging Current Abnormal,Current ผิดปกติ,timestap /data,ใส่วิธีแก้ปัญหา ,LED - RED ,,,
17,Battery & Charging,Battery Communication Docking Error,Battery Communication Docking Error merge wrong  sation,timestap /data /timeout loop,ใส่วิธีแก้ปัญหา ,LED - RED alarm  เสียง ,,,
18,Battery & Charging,Power Supply Voltage Drop,Power Supply Voltage Drop,DOCKING,ใส่วิธีแก้ปัญหา ,LED-RED  over     LED-GREEN NORMAL,,Docking,"Modify ติดจอ แสดงค่า V, A"
19,Battery & Charging,Auto Charging Failed,การชาร์จอัตโนมัติล้มเหลว,type AUTO ,ใส่วิธีแก้ปัญหา ,,,,
20,Sensor & Vision,Lidar Fault,Lidar ขัดข้อง,(realtime check )timestap /data,ใส่วิธีแก้ปัญหา ,LED-RED,,,
21,Sensor & Vision,Camera Offline,กล้องไม่ทำงาน,timestap /data,ใส่วิธีแก้ปัญหา ,LED-RED,,,
22,Sensor & Vision,IMU Error,เซนเซอร์IMU Error,timestap /data,ใส่วิธีแก้ปัญหา ,LED-RED,,,
23,Sensor & Vision,Proximity Sensor Fault,เซนเซอร์ Proximity Senso Error,ลิฟ Prox dolly ,ใส่วิธีแก้ปัญหา ,LED-RED  robot stop,,,
24,IO / Electrical Alarm,IO Module Offline,โมดูล IO ออฟไลน์,,ใส่วิธีแก้ปัญหา ,LED-RED  robot stop,,,
25,IO / Electrical Alarm,Encoder Power Lost,Encoder Power Lost,Drive motor,ใส่วิธีแก้ปัญหา ,LED-RED  robot stop,,,
26,Task / Mission,Lifter  Failed,Lifter ยกงานไม่ได้,LIFT check lift auto,ใส่วิธีแก้ปัญหา ,,,,
27,Software & Controller,Disk Full,ดิสก์เต็ม,,ใส่วิธีแก้ปัญหา ,LED-RED,,,
28,Software & Controller,Parameter Out of Range,พารามิเตอร์เกินควบคุม,status info,ใส่วิธีแก้ปัญหา ,,,,
29,Software & Controller,CPU Overload,CPUOverload,,ใส่วิธีแก้ปัญหา ,LED-RED จอด,,,
30,Software & Controller,Unexpected Reboot,ระบบรีสตาร์ทผิดปกติ,log pc shutdown reboot lastest,ใส่วิธีแก้ปัญหา ,,,,
31,Maintenance & Warning,Preventive Maintenance Due,ถึงกำหนดบำรุงรักษา,operator  ตาราง maintenance,ใส่วิธีแก้ปัญหา ,alarm ตอนชาจ dock เท่านั้น LED Yellow,,,
32,Maintenance & Warning,Battery Lifetime Warning,ถึงกำหนดเปลี่ยนแบต,charge cycle  warning,ใส่วิธีแก้ปัญหา ,alarm ตอนชาจ dock เท่านั้น LED Yellow,,,
33,Maintenance & Warning,Motor Lifetime Warning,ถึงกำหนดเปลี่ยนมอเตอร์,( request ) ,ใส่วิธีแก้ปัญหา ,alarm ตอนชาจ dock เท่านั้น LED  Yellow,,,
34,Maintenance & Warning,Repeated Same Alarm,เกิด Alarm เดิมซ้ำบ่อย,,ใส่วิธีแก้ปัญหา ,Filter ใส่หน้าเดียวกันกับ  parameter info,มากกว่า 10 ครั้ง/day,,
,,,,,,,,,
,,,,,,,,,
,,,,,,,,,
,,,,,,,,,
,,,,,,alram  +  เสียง,,,